ema_r,ema_l,atr_mult,rendimiento,cagr,drawdown,operaciones,win_rate,profit_factor,score
10,21,1.5,1.0278303758432172,0.07386277431371902,-0.0999905883853196,52,0.34615384615384615,3.8436898182718955,0.7386972664775656
8,25,1.5,0.9039354267398592,0.06706025329625942,-0.09999058838531949,52,0.34615384615384615,3.612497587955003,0.6706656534296895
7,30,1.5,0.9096188131580882,0.06738089668729907,-0.10241301010519022,50,0.38,4.07337155142074,0.6579329776372256
7,30,2.0,0.6641662944329547,0.052680624751010985,-0.08130599907088776,50,0.4,3.639768438002556,0.6479303538854575
8,25,2.0,0.6519823944010741,0.05190118848063774,-0.08060050314833977,52,0.36538461538461536,3.183420935038263,0.6439313211868803
10,21,2.0,0.6473841416762693,0.051605681995070096,-0.0834248833663721,52,0.34615384615384615,3.0926489825295373,0.6185886022571525
7,30,2.5,0.48097248220705113,0.04037794378261972,-0.06750918293067742,50,0.4,3.2218916294300515,0.5981103907609469
8,25,2.5,0.46939065073500164,0.0395549172704901,-0.06750918293067731,52,0.36538461538461536,2.8567116952531237,0.5859190639458276
10,21,2.5,0.4666181669071561,0.03935703429964166,-0.06825863373537477,52,0.34615384615384615,2.7845372227270078,0.5765869040423677
7,30,3.0,0.3745916029569416,0.032589982765306,-0.05807629647776036,50,0.4,2.9731192691985218,0.5611580755289028
7,25,2.0,0.624362414919984,0.0501149455990475,-0.08976292743913494,53,0.32075471698113206,2.9877523865846354,0.5583033778953863
8,25,3.0,0.36344629046180654,0.03174295929404147,-0.05807629647776047,52,0.36538461538461536,2.6485542375424487,0.546573408071863
7,25,1.5,0.853631969222792,0.06418410999650703,-0.11983736948172519,53,0.2830188679245283,3.310107119057291,0.5355934486386978
7,25,2.5,0.4411815319987278,0.0375256535986106,-0.07702650312285486,53,0.32075471698113206,2.6274732672628858,0.48717846555695715
10,21,3.0,0.3549922695451302,0.031096306581513522,-0.06393724022327674,52,0.34615384615384615,2.532419733985097,0.48635672220010406
15,18,1.5,0.8060066586116166,0.06139566662530416,-0.1309277470498228,45,0.37777777777777777,3.9105832724572305,0.46892784767724494
12,21,1.5,0.804032377675153,0.06127865177147407,-0.1309277470498229,47,0.3404255319148936,3.592804622448287,0.4680341115787721
7,25,3.0,0.3496175411234883,0.030683301644019556,-0.06652370606540248,53,0.32075471698113206,2.5164419753693634,0.4612386088930976
9,25,1.5,0.8157582869800222,0.06197196002256922,-0.1346478088785692,46,0.32608695652173914,3.763112585500056,0.4602522724930342
8,18,2.0,0.5096745786017425,0.042392891001156174,-0.09261958765175915,63,0.31746031746031744,2.457882259484829,0.45770977906476346
8,21,2.0,0.5463944172166171,0.04492106293610498,-0.09843028871950521,59,0.3220338983050847,2.5879430775936156,0.45637438963646265
8,21,2.5,0.3935626479406982,0.034017647585729005,-0.07454994597696729,59,0.3220338983050847,2.3698960715531867,0.4563068039813065
12,35,1.5,0.7759829645720608,0.05960361332332553,-0.1340139556459713,39,0.358974358974359,4.490944571458401,0.4447567645923548
12,21,2.0,0.606423855942958,0.048940134316717954,-0.11015261005642818,47,0.3617021276595745,3.2655013390869074,0.44429391452138317
10,25,1.5,0.7658975893176168,0.058995522239359444,-0.13446972472434493,46,0.3695652173913043,3.6675734555770827,0.43872717342358525
9,25,2.0,0.6043197721629672,0.04880156406564229,-0.11125035016996665,46,0.34782608695652173,3.316334086419159,0.4386643636724197
15,18,2.0,0.5766137180942859,0.04696149690911566,-0.1071897747957612,45,0.4,3.2258541162052814,0.43811545456267487
9,21,2.0,0.5142827532698211,0.042713180198374445,-0.09814001546346562,58,0.3275862068965517,2.4721756670194805,0.43522695606538997
10,18,2.0,0.5144146423003446,0.042722334181117594,-0.09940915878984302,60,0.31666666666666665,2.4598110898978094,0.42976255609842945
15,25,1.5,0.8331077403074869,0.06299041748316059,-0.147679862441627,40,0.375,4.255502137960205,0.4265335601057905
9,21,1.5,0.6851988159656643,0.05401413589076154,-0.12677747822769359,58,0.29310344827586204,2.6050907375163206,0.42605466401336384
12,21,2.5,0.44972601206851537,0.038144056431395956,-0.08965036805296389,47,0.3617021276595745,3.017701569667692,0.42547573713095194
8,30,1.5,0.7510767284127418,0.05809621727896408,-0.13776862770945286,48,0.3541666666666667,3.5670731947877843,0.4216940986121027
9,25,2.5,0.44041797008763583,0.03747023080438017,-0.08888363001206112,46,0.34782608695652173,2.979126834204432,0.42156503733359696
8,21,3.0,0.3014224421631908,0.02691231909086822,-0.0643239130552663,59,0.3220338983050847,2.206177965688452,0.4183874676241399
9,21,2.5,0.36795976432203714,0.03208672253987732,-0.0769258523569567,58,0.3275862068965517,2.25664812463772,0.4171123433379233
8,21,1.5,0.701821283759515,0.05505749314361852,-0.13287782546338844,59,0.288135593220339,2.6394546324232047,0.4143467350674579
7,21,2.0,0.5127657250224134,0.042607836689614986,-0.10344103479378353,60,0.3333333333333333,2.509647018715161,0.411904586748929
10,30,1.5,0.774717127142398,0.05952746114827723,-0.14470071641613835,42,0.30952380952380953,3.8531091088178946,0.4113833201563761
7,18,2.0,0.45757786913665743,0.038709448091670984,-0.09443070152253441,70,0.3,2.2525408995963394,0.40992439394759317
9,18,2.0,0.5323238728856678,0.0439587464538167,-0.10728509587020496,60,0.35,2.6306869843331246,0.4097376816160804
15,18,2.5,0.42260170134305586,0.036169486877678736,-0.08831791210751472,45,0.4,2.928537045147443,0.4095373861833083
12,18,2.0,0.5301747547690847,0.04381106444249183,-0.10819540875763434,56,0.3392857142857143,2.7254768586529514,0.40492535631185456
12,18,1.5,0.68739954296075,0.05415280098059849,-0.1343778730348979,56,0.32142857142857145,2.8144190282907435,0.4029889724964989
10,25,2.0,0.5642041808602947,0.046127886031403165,-0.11453638971150404,46,0.391304347826087,3.2410835443103965,0.4027356384079398
9,35,1.5,0.780264048767753,0.05986080014942785,-0.14878750982212685,41,0.3170731707317073,4.056168465832874,0.40232409441485045
10,18,1.5,0.6670498615051057,0.052864343045043505,-0.1319766382785097,60,0.2833333333333333,2.5369830888362324,0.4005583392227655
12,25,1.5,0.7806727373795872,0.05988532309621375,-0.1504140756382525,42,0.30952380952380953,3.785846675902725,0.3981364299990023
7,18,1.5,0.5431355489411802,0.04469888425138757,-0.112456650137299,70,0.2714285714285714,2.1669511138340574,0.3974765760567689
10,35,1.5,0.7616258878994959,0.05873702088146815,-0.14879992342716963,40,0.3,3.9059095067870793,0.3947382466914849
8,35,1.5,0.7347258852433718,0.057096100054033094,-0.144712638480187,46,0.30434782608695654,3.7481564464706603,0.3945481241560686
8,30,2.5,0.40306098188218287,0.03472589052103969,-0.08802608941225043,48,0.375,2.8291436062725808,0.39449543598840087
15,21,1.5,0.7649212128958094,0.05893648658115169,-0.14989276805171736,41,0.3170731707317073,3.8368157612185723,0.393190994783797
8,30,2.0,0.5452201927774023,0.04484105682341144,-0.11487496143211628,48,0.375,3.084369981515967,0.3903466540000505
9,18,1.5,0.683938663025613,0.05393466187943741,-0.1384895470266767,60,0.31666666666666665,2.695506692428646,0.3894493341728396
10,18,2.5,0.36291419639600697,0.031702365593838655,-0.08195544909247965,60,0.31666666666666665,2.217213703847926,0.3868243776940966
12,30,1.5,0.7409196092279922,0.057475939310244195,-0.14879992342716974,38,0.3157894736842105,3.8647217858082707,0.3862632317709212
10,25,2.5,0.4168182599843313,0.035744094729859066,-0.09272775869556127,46,0.391304347826087,2.962557225888614,0.3854735111975707
10,18,3.0,0.27919625301127415,0.025130765857426907,-0.06569659328930133,60,0.31666666666666665,2.084889065305864,0.3825276867365274
9,30,1.5,0.7596230861092301,0.058615627499062795,-0.15376033065935268,46,0.34782608695652173,3.605954925695283,0.3812142393796122
7,21,1.5,0.6502019486319774,0.05178685607311029,-0.13646038068726263,60,0.3,2.5384025602145837,0.3795010376806323
8,18,2.5,0.35396322571326855,0.03101734694249325,-0.08227543999526599,63,0.31746031746031744,2.1816799979513926,0.3769939965593371
12,21,3.0,0.34255472039423407,0.030138325791372766,-0.08021152992468505,47,0.3617021276595745,2.712726268631554,0.37573558090303566
9,25,3.0,0.3377643855872863,0.029767228602421092,-0.07954118849513225,46,0.34782608695652173,2.7036139805266135,0.3742366585865483
8,18,3.0,0.2746121331532321,0.024759863717006336,-0.066300622280408,63,0.31746031746031744,2.06863093550849,0.373448436310121
8,18,1.5,0.6239079220989556,0.05008532484524353,-0.13524903288059165,63,0.2857142857142857,2.442331621088701,0.37031928272243353
9,21,3.0,0.2794967672438784,0.025155038764869353,-0.0680021772959053,58,0.3275862068965517,2.0944930732382656,0.3699151963239278
7,21,2.5,0.36118230787023586,0.031570140273736946,-0.08592743956665805,60,0.3333333333333333,2.2507830629579435,0.36740464318439825
10,30,2.0,0.5624930960487415,0.0460124777179709,-0.12604509390537444,42,0.3333333333333333,3.2992028784151515,0.36504774832817966
15,35,1.5,0.6898945050034495,0.05430980890863446,-0.14878548198952724,31,0.3225806451612903,4.5453810609619625,0.3650208890169623
15,18,3.0,0.3245188573765754,0.02873487039075928,-0.07908892636573639,45,0.4,2.659917813456368,0.36332356135268085
12,25,2.0,0.5639592436055023,0.046111372601314704,-0.12723381452860816,42,0.3333333333333333,3.200666958233833,0.36241444754410546
12,35,2.0,0.5215982481522876,0.043219844948789055,-0.11932697702144612,39,0.358974358974359,3.677369881309163,0.36219676411496904
8,30,3.0,0.3112639588245554,0.027692446620318556,-0.07731301304491789,48,0.375,2.596235480545733,0.3581860999807315
9,35,2.0,0.5792917191904849,0.04714061739529907,-0.1328163794556262,41,0.34146341463414637,3.5743892268967663,0.3549307516777228
9,18,2.5,0.3729929929623095,0.03246887152125644,-0.09231011039118764,60,0.35,2.3318105495550023,0.35173689408084674
8,35,2.0,0.5365745319815303,0.04425029343095743,-0.12605422894970475,46,0.32608695652173914,3.211886776363188,0.35104172069160144
9,18,3.0,0.2898789364421199,0.025990487556357467,-0.07455403176288955,60,0.35,2.2037938031889133,0.34861277038668004
15,25,2.0,0.5557580358790231,0.04555710824827708,-0.13070897933835213,40,0.4,3.528400838123817,0.3485384743946959
10,35,2.0,0.5779685221406099,0.04705214834696658,-0.13513356262446485,40,0.325,3.572195026178445,0.34818994950739324
15,21,2.0,0.5515968296250273,0.0452748749096934,-0.13002938044219126,41,0.34146341463414637,3.227690700871874,0.3481895765074555
10,25,3.0,0.3244460015184245,0.02872916637041323,-0.082804940926547,46,0.391304347826087,2.7406713337605217,0.34694990478765925
15,35,2.0,0.5162154915437949,0.04284725352327934,-0.12412225765085705,31,0.3548387096774194,3.9425155950320927,0.34520201561112585
9,30,2.0,0.5494442349984885,0.04512860821208742,-0.13100237763807943,46,0.3695652173913043,3.085673395598513,0.3444869400520678
12,25,2.5,0.41272750970485395,0.035442262054152796,-0.10297958675717267,42,0.3333333333333333,2.8836699283509843,0.34416784112492266
7,21,3.0,0.2767456155834134,0.024932633208547772,-0.07257447387426985,60,0.3333333333333333,2.1044723801885596,0.3435454902744703
12,18,2.5,0.36889162268846354,0.03215756935544167,-0.09403897142846751,56,0.3392857142857143,2.3812471046907633,0.34196002856010527
12,30,2.0,0.554958971330805,0.04550296448846658,-0.13513356262446463,38,0.34210526315789475,3.4533045001815452,0.3367258555516593
7,35,1.5,0.6894225587060443,0.054280125326731765,-0.16151545297241632,48,0.3125,3.360561057774127,0.33606769091005645
9,30,2.5,0.40555841765650014,0.034911395821204616,-0.10449381442091443,46,0.3695652173913043,2.8228910145179915,0.33410011888911484
12,35,2.5,0.38893163818497944,0.0336707610550544,-0.10179141085878018,39,0.358974358974359,3.349125708610524,0.3307819468360387
15,50,2.0,0.5055030489335808,0.042102191614145745,-0.1278856898613716,27,0.3333333333333333,4.295961585829524,0.32921737889348385
10,30,2.5,0.4086862334639667,0.03514330709011615,-0.10719868916016684,42,0.3333333333333333,2.9315288131310187,0.3278333659249146
7,18,3.0,0.24897566678953353,0.02266322953282618,-0.06948413581322255,70,0.3,1.9437560537789909,0.32616408432777055
15,50,3.0,0.3686835104006083,0.03214175087074045,-0.09857050291490033,27,0.4074074074074074,4.647621875399408,0.3260787955854263
9,35,2.5,0.4221669402230679,0.03613756279795299,-0.11204845981090561,41,0.34146341463414637,3.168003523346967,0.32251726493107713
7,35,2.5,0.38190900589514176,0.033142740144129545,-0.10325641030906385,48,0.3333333333333333,2.783393535462304,0.32097513408540673
9,50,2.5,0.4480632888038232,0.03802397489174991,-0.11866664040330877,34,0.38235294117647056,4.012965900102546,0.3204268256227611
7,18,2.5,0.3134692807452337,0.02786653805322703,-0.08713711620151421,70,0.3,2.0033911766932624,0.3198010132534405
10,35,2.5,0.4266569282577193,0.03646683637981596,-0.11444798852608118,40,0.325,3.228908656880241,0.31863239231597024
8,35,2.5,0.39155772091241614,0.03386759563648667,-0.10669999401519481,46,0.32608695652173914,2.8754512296686823,0.31740953642100195
7,35,2.0,0.5083603904743494,0.04230138781728665,-0.1332788365874017,48,0.3333333333333333,2.9630031259055096,0.31739013410089467
15,50,2.5,0.41177952090632197,0.035372203320347184,-0.1122701806408899,27,0.37037037037037035,4.405677145098342,0.3150632083998294
15,35,2.5,0.38218813976359556,0.0331637737877033,-0.10647291825438532,31,0.3870967741935484,3.4604827402801144,0.3114761418341924
9,30,3.0,0.31780573378771737,0.028208098995688546,-0.09123122351815527,46,0.3695652173913043,2.642861558217225,0.30919347464495045
12,18,3.0,0.27912389745064536,0.025124920843117238,-0.08175622511978686,56,0.3392857142857143,2.186345228479584,0.3073150797545377
10,50,2.5,0.4078439975414232,0.03508090526785024,-0.11461225216439663,33,0.3333333333333333,3.644564580685632,0.3060833776962271
15,21,2.5,0.3940976317413174,0.03405765381965464,-0.11152042579833032,41,0.34146341463414637,2.809096212845871,0.3053938646292772
15,30,1.5,0.5585108070940379,0.045743441821914255,-0.1500420136015307,36,0.3055555555555556,3.480421142660975,0.304870887319574
12,30,2.5,0.407914651472862,0.03508614135455046,-0.1155122310912442,38,0.34210526315789475,3.099369417358898,0.30374395008296207
12,35,3.0,0.30734503099686195,0.027382429902537586,-0.09046119025304322,39,0.358974358974359,3.1110533572060772,0.3026980943534115
9,50,3.0,0.35614738116611955,0.03118487532867631,-0.10338933174502585,34,0.38235294117647056,3.7003532568722277,0.30162565907266964
12,25,3.0,0.30354483111927744,0.027081006380699657,-0.08995399862404885,42,0.3333333333333333,2.4860625883911114,0.30105394751689957
9,50,2.0,0.5344391135299011,0.044103918734028635,-0.14727151236910985,34,0.35294117647058826,3.9632845949350037,0.29947352359287255
15,30,2.0,0.4043821205612723,0.03482405942020805,-0.11667649171545613,36,0.3333333333333333,3.0104209260010464,0.29846680259409025
10,30,3.0,0.31373080093125516,0.02788716541485159,-0.09506365386463689,42,0.3333333333333333,2.6572666210199376,0.2933525514868249
8,50,2.5,0.43002695685470504,0.036713366044927254,-0.12518116037634686,37,0.32432432432432434,3.710004431911576,0.2932818799134913
15,35,3.0,0.32396946753727884,0.028691850681146214,-0.09799966080952427,31,0.41935483870967744,3.3121647903147684,0.29277499987385414
10,50,3.0,0.3298308012385558,0.029149994085938324,-0.09994669101129727,33,0.3333333333333333,3.480871008565273,0.29165541941396955
15,25,2.5,0.3934257754035131,0.03400741000163543,-0.1167188941110745,40,0.4,2.9763580057249164,0.29136165366056826
7,35,3.0,0.2925450431242935,0.026204052118766086,-0.09018841515118137,48,0.3333333333333333,2.528890570249999,0.29054787219445716
10,50,1.5,0.5817108962946207,0.04730219156407944,-0.16364582384510173,33,0.24242424242424243,3.571762354291594,0.2890522376474033
15,30,2.5,0.34109063845621135,0.03002503294382297,-0.10456422571265567,36,0.3888888888888889,2.9305419419108976,0.28714441042515143
7,50,2.5,0.41262720824542476,0.03543485152649328,-0.12431464907067791,42,0.30952380952380953,3.3424382296502624,0.2850416406384024
8,50,2.0,0.5455022191408954,0.04486027775617685,-0.15745772057091445,37,0.32432432432432434,3.711074804422143,0.2849036401233375
8,35,3.0,0.3011822527508434,0.026893213278717187,-0.09464298098793344,46,0.32608695652173914,2.617436087100096,0.28415433451051114
9,35,3.0,0.31667429996776164,0.028119079112759238,-0.09921790797735863,41,0.34146341463414637,2.7564765267375275,0.2834072969889263
10,35,3.0,0.32245868654322574,0.028573466877970688,-0.10124567289851572,40,0.325,2.8298482356299717,0.28221914142060667
12,50,2.5,0.3938018077587522,0.03403553372848078,-0.12199488469802999,31,0.3548387096774194,3.549462957034682,0.2789914824111506
7,50,2.0,0.5238056643951368,0.043372298486871186,-0.15559754295477068,42,0.30952380952380953,3.3709554054108946,0.2787466798205079
8,50,3.0,0.34229523746737356,0.03011825471742169,-0.10883994339234859,37,0.32432432432432434,3.449923634170974,0.2767206025535198
15,50,1.5,0.6217145871995959,0.04994227330374423,-0.18243010928964132,27,0.25925925925925924,4.39170897342578,0.2737611324041455
12,50,3.0,0.32532261191700274,0.028797779107703647,-0.10561020813413535,31,0.3548387096774194,3.5213459546982744,0.2726798821485858
10,50,2.0,0.45883110260076476,0.03879943659022689,-0.1423118029678595,33,0.2727272727272727,3.3038958292894876,0.27263681424224223
12,30,3.0,0.3108222642431959,0.027657546941920907,-0.10214456709722586,38,0.34210526315789475,2.757750148254086,0.2707686539568491
7,50,3.0,0.3278276378031786,0.028993624059493683,-0.10810559161461364,42,0.30952380952380953,3.1169729094281506,0.26819726552955053
12,50,1.5,0.6530174612464825,0.05196760500592723,-0.19449267523774816,31,0.25806451612903225,4.008932994723574,0.2671956922922776
12,50,2.0,0.4686440648769745,0.039501663582905966,-0.14824988506570447,31,0.2903225806451613,3.4252688623311265,0.26645324929188846
15,21,3.0,0.28692835373221626,0.02575367224490721,-0.0987148519988037,41,0.34146341463414637,2.400132584216663,0.2608895391467468
15,25,3.0,0.2968363028341161,0.02654696672667778,-0.10315935162988965,40,0.4,2.6266242297605706,0.257339410409652
15,30,3.0,0.2626571926998287,0.023786913886404193,-0.09279899162014171,36,0.3888888888888889,2.6503682008813083,0.25632728838016083
9,50,1.5,0.6184030566500929,0.04972596193437995,-0.19488535386591144,34,0.29411764705882354,3.8587788140744426,0.2551549459616822
8,50,1.5,0.6336154166096208,0.05071637878623059,-0.20061278282787942,37,0.2702702702702703,3.647792237283011,0.2528073140271621
7,50,1.5,0.6218840974529407,0.04995333513667988,-0.20060879967941025,42,0.2619047619047619,3.421348556122351,0.2490086936191708
